<?xml version="1.0" encoding="utf-8"?>
<!--/2002274/1749528/2.50/7/4/Connector/-->
<quadcept_library>
  <setting unit="mil" />
  <textstyle name="Default" height="47.244094488189" strokewidth="7.8740157480315" charwidth="47.244094488189" />
  <textstyle name="Dimension" height="19.6850393700787" strokewidth="0" charwidth="19.6850393700787" />
  <textstyle name="H127W0635TH00762" height="50" strokewidth="3" charwidth="25" />
  <textstyle name="H15W15TH02" height="59.0551181102362" strokewidth="7.8740157480315" charwidth="59.0551181102362" />
  <padstyle name="r300_100" surface="True" plated="False" isvia="False" nopaste="False" nomask="True" complex="False" holesize="0">
    <padshape layer="TOP" shape="rectangle" width="39.370078740157" height="118.11023622047" />
    <padshape layer="TOP_SOLDER_MASK" shape="rectangle" width="47.244094488188" height="125.9842519685" />
    <padshape layer="TOP_SOLDER_PASTE" shape="rectangle" width="39.370078740157" height="118.11023622047" />
  </padstyle>
  <padstyle name="r400_180" surface="True" plated="False" isvia="False" nopaste="False" nomask="True" complex="False" holesize="0">
    <padshape layer="TOP" shape="rectangle" width="70.866141732283" height="157.48031496063" />
    <padshape layer="TOP_SOLDER_MASK" shape="rectangle" width="78.740157480314" height="165.35433070866" />
    <padshape layer="TOP_SOLDER_PASTE" shape="rectangle" width="70.866141732283" height="157.48031496063" />
  </padstyle>
  <footprint name="5055750581" originx="0" originy="0" pickpointx="0" pickpointy="0">
    <pcbpin number="1" name="1" style="r300_100" originx="-157.48031496063" originy="-125.9842519685" rotation="0" />
    <pcbpin number="2" name="2" style="r300_100" originx="-78.740157480314" originy="-125.9842519685" rotation="0" />
    <pcbpin number="3" name="3" style="r300_100" originx="0" originy="-125.9842519685" rotation="0" />
    <pcbpin number="4" name="4" style="r300_100" originx="78.740157480314" originy="-125.9842519685" rotation="0" />
    <pcbpin number="5" name="5" style="r300_100" originx="157.48031496063" originy="-125.9842519685" rotation="0" />
    <pcbpin number="6" name="MP1" style="r400_180" originx="-251.968503937" originy="47.244094488188" rotation="0" />
    <pcbpin number="7" name="MP2" style="r400_180" originx="251.968503937" originy="47.244094488188" rotation="0" />
    <line layer="TOP_ASSEMBLY" originx="-275.5905511811" originy="125.9842519685" endx="275.5905511811" endy="125.9842519685" width="7.8740157480314" />
    <line layer="TOP_ASSEMBLY" originx="275.5905511811" originy="125.9842519685" endx="275.5905511811" endy="-102.36220472441" width="7.8740157480314" />
    <line layer="TOP_ASSEMBLY" originx="275.5905511811" originy="-102.36220472441" endx="-275.5905511811" endy="-102.36220472441" width="7.8740157480314" />
    <line layer="TOP_ASSEMBLY" originx="-275.5905511811" originy="-102.36220472441" endx="-275.5905511811" endy="125.9842519685" width="7.8740157480314" />
    <line layer="TOP_PLACE_BOUND" originx="-326.7716535433" originy="165.35433070866" endx="326.7716535433" endy="165.35433070866" width="3.9370078740157" />
    <line layer="TOP_PLACE_BOUND" originx="326.7716535433" originy="165.35433070866" endx="326.7716535433" endy="-224.40944881889" width="3.9370078740157" />
    <line layer="TOP_PLACE_BOUND" originx="326.7716535433" originy="-224.40944881889" endx="-326.7716535433" endy="-224.40944881889" width="3.9370078740157" />
    <line layer="TOP_PLACE_BOUND" originx="-326.7716535433" originy="-224.40944881889" endx="-326.7716535433" endy="165.35433070866" width="3.9370078740157" />
    <line layer="TOP_SILKSCREEN" originx="-196.85039370078" originy="125.9842519685" endx="196.85039370078" endy="125.9842519685" width="3.9370078740157" />
    <line layer="TOP_SILKSCREEN" originx="-275.5905511811" originy="-70.866141732283" endx="-275.5905511811" endy="-102.36220472441" width="3.9370078740157" />
    <line layer="TOP_SILKSCREEN" originx="-275.5905511811" originy="-102.36220472441" endx="-216.53543307086" endy="-102.36220472441" width="3.9370078740157" />
    <line layer="TOP_SILKSCREEN" originx="216.53543307086" originy="-102.36220472441" endx="275.5905511811" endy="-102.36220472441" width="3.9370078740157" />
    <line layer="TOP_SILKSCREEN" originx="275.5905511811" originy="-102.36220472441" endx="275.5905511811" endy="-70.866141732283" width="3.9370078740157" />
    <line layer="TOP_SILKSCREEN" originx="-157.48031496063" originy="-200.7874015748" endx="-157.48031496063" endy="-200.7874015748" width="7.8740157480314" />
    <arc layer="TOP_SILKSCREEN" originx="-157.48031496063" originy="-204.72440944882" startangle="90.0" sweepangle="180.0" radius="3.9370078740157" width="7.8740157480314" />
    <line layer="TOP_SILKSCREEN" originx="-157.48031496063" originy="-208.66141732283" endx="-157.48031496063" endy="-208.66141732283" width="7.8740157480314" />
    <arc layer="TOP_SILKSCREEN" originx="-157.48031496063" originy="-204.72440944882" startangle="-90.0" sweepangle="180.0" radius="3.9370078740157" width="7.8740157480314" />
  </footprint>
  <symbol name="505575-0581" originx="0" originy="0">
    <line originx="200" originy="100" endx="700" endy="100" width="0" />
    <line originx="700" originy="-500" endx="700" endy="100" width="0" />
    <line originx="700" originy="-500" endx="200" endy="-500" width="0" />
    <line originx="200" originy="100" endx="200" endy="-500" width="0" />
    <sympin number="1" originx="200" originy="0" rotation="180" length="100" width="7.8740157480315" flipped="False">
      <text name="pinname" originx="230" originy="0" style="Default" rotation="0" justify="left" flipped="False" hidden="False" data="1" />
      <text name="pindes" originx="140" originy="20" style="Default" rotation="0" justify="lowerright" flipped="False" hidden="False" data="1" />
    </sympin>
    <sympin number="2" originx="200" originy="-100" rotation="180" length="100" width="7.8740157480315" flipped="False">
      <text name="pinname" originx="230" originy="-100" style="Default" rotation="0" justify="left" flipped="False" hidden="False" data="2" />
      <text name="pindes" originx="140" originy="-80" style="Default" rotation="0" justify="lowerright" flipped="False" hidden="False" data="2" />
    </sympin>
    <sympin number="3" originx="200" originy="-200" rotation="180" length="100" width="7.8740157480315" flipped="False">
      <text name="pinname" originx="230" originy="-200" style="Default" rotation="0" justify="left" flipped="False" hidden="False" data="3" />
      <text name="pindes" originx="140" originy="-180" style="Default" rotation="0" justify="lowerright" flipped="False" hidden="False" data="3" />
    </sympin>
    <sympin number="4" originx="200" originy="-300" rotation="180" length="100" width="7.8740157480315" flipped="False">
      <text name="pinname" originx="230" originy="-300" style="Default" rotation="0" justify="left" flipped="False" hidden="False" data="4" />
      <text name="pindes" originx="140" originy="-280" style="Default" rotation="0" justify="lowerright" flipped="False" hidden="False" data="4" />
    </sympin>
    <sympin number="5" originx="200" originy="-400" rotation="180" length="100" width="7.8740157480315" flipped="False">
      <text name="pinname" originx="230" originy="-400" style="Default" rotation="0" justify="left" flipped="False" hidden="False" data="5" />
      <text name="pindes" originx="140" originy="-380" style="Default" rotation="0" justify="lowerright" flipped="False" hidden="False" data="5" />
    </sympin>
    <sympin number="6" originx="700" originy="0" rotation="0" length="100" width="7.8740157480315" flipped="False">
      <text name="pinname" originx="670" originy="0" style="Default" rotation="0" justify="right" flipped="False" hidden="False" data="MP1" />
      <text name="pindes" originx="760" originy="20" style="Default" rotation="0" justify="lowerleft" flipped="False" hidden="False" data="MP1" />
    </sympin>
    <sympin number="7" originx="700" originy="-100" rotation="0" length="100" width="7.8740157480315" flipped="False">
      <text name="pinname" originx="670" originy="-100" style="Default" rotation="0" justify="right" flipped="False" hidden="False" data="MP2" />
      <text name="pindes" originx="760" originy="-80" style="Default" rotation="0" justify="lowerleft" flipped="False" hidden="False" data="MP2" />
    </sympin>
  </symbol>
  <component name="505575-0581" designatorprefix="J" height="437.00787401574" footprint="5055750581">
    <comppin designator="1" sympin="1" pinswap="0" gateswap="0" gate="1" group="1" side="" type="Any" name="1" />
    <comppin designator="2" sympin="2" pinswap="0" gateswap="0" gate="1" group="1" side="" type="Any" name="2" />
    <comppin designator="3" sympin="3" pinswap="0" gateswap="0" gate="1" group="1" side="" type="Any" name="3" />
    <comppin designator="4" sympin="4" pinswap="0" gateswap="0" gate="1" group="1" side="" type="Any" name="4" />
    <comppin designator="5" sympin="5" pinswap="0" gateswap="0" gate="1" group="1" side="" type="Any" name="5" />
    <comppin designator="MP1" sympin="6" pinswap="0" gateswap="0" gate="1" group="1" side="" type="Any" name="MP1" />
    <comppin designator="MP2" sympin="7" pinswap="0" gateswap="0" gate="1" group="1" side="" type="Any" name="MP2" />
    <attached_symbol gate="1" name="505575-0581" />
    <pinmap designator="1" footprintpin="1" />
    <pinmap designator="2" footprintpin="2" />
    <pinmap designator="3" footprintpin="3" />
    <pinmap designator="4" footprintpin="4" />
    <pinmap designator="5" footprintpin="5" />
    <pinmap designator="MP1" footprintpin="6" />
    <pinmap designator="MP2" footprintpin="7" />
    <text name="Datasheet" originx="0" originy="0" style="Default" rotation="0" justify="" flipped="False" hidden="True" data="https://componentsearchengine.com/Datasheets/1/505575-0581.pdf" />
    <text name="Description" originx="0" originy="0" style="Default" rotation="0" justify="" flipped="False" hidden="True" data="Headers &amp; Wire Housings MicroLockPlus Vrt Hdr SR 5Ckt W/KAP" />
    <text name="Mouser Part Number" originx="0" originy="0" style="Default" rotation="0" justify="" flipped="False" hidden="True" data="538-505575-0581" />
    <text name="Mouser Price/Stock" originx="0" originy="0" style="Default" rotation="0" justify="" flipped="False" hidden="True" data="https://www.mouser.com/Search/Refine.aspx?Keyword=538-505575-0581" />
    <text name="Manufacturer_Name" originx="0" originy="0" style="Default" rotation="0" justify="" flipped="False" hidden="True" data="Molex" />
    <text name="Manufacturer_Part_Number" originx="750" originy="200" style="Default" rotation="0" justify="left" flipped="False" hidden="False" data="505575-0581" />
  </component>
</quadcept_library>
